[
  {
    "maSP": 1,
    "tenSP": "VinSmart Live",
    "manHinh": "AMOLED, 6.2, Full HD+",
    "heDieuHanh": "Android 9.0 (Pie)",
    "thuongHieu": "VinSmart",
    "cameraTruoc": "16 MP",
    "cameraSau": "Chính 48 MP & Phụ 8 MP, 5 MP",
    "ram": "4",
    "rom":"64 GB",
    "giaBan": 31700000,
    "giamGia": 10,
    "hinhAnh": "../../../assets/img/img/vsphone.jpg",
    "soLuong": 1
    
  },
  {
    "maSP": 2,
    "tenSP": "Meizu 16Xs",
    "manHinh": "AMOLED, FHD+ 2232 x 1080 pixels",
    "heDieuHanh": "Android 9.0 (Pie); Flyme",
    "thuongHieu": "Meizu",
    "cameraTruoc": "12 MP",
    "cameraSau": "Chính 48 MP & Phụ 8 MP, 5 MP",
    "ram": "4 ",
    "rom": "256 GB",
    "giaBan": 32600000,
    "giamGia": 15,
    "hinhAnh": "../../../assets/img/img/meizuphone.jpg",
    "soLuong": 1
    
  },
  {
    "maSP": 3,
    "tenSP": "ViVo Y20S",
    "manHinh": "AMOLED, 6.2, Full HD+",
    "heDieuHanh": "Android 9.0 (Pie)",
    "thuongHieu": "ViVo",
    "cameraTruoc": "12 MP",
    "cameraSau": "Chính 48 MP & Phụ 8 MP, 5 MP",
    "ram": "8 ",
    "rom": "128 GB",
    "giaBan": 23000000,
    "giamGia": 12,
    "hinhAnh": "../../../assets/img/img/sp_vivo850.jpeg",
    "soLuong": 1
 
  },
  {
    "maSP": 4,
    "tenSP": "Iphone 12 Pro ",
    "manHinh": "OLED, 6.5, 1242 x 2688 Pixels",
    "heDieuHanh": "iOS 12",
    "thuongHieu": "Apple",
    "cameraSau": "Chính 12 MP & Phụ 12 MP",
    "cameraTruoc": "18 MP",
    "ram": "4 ",
    "rom": "128 GB",
    "giaBan": 33500000,
    "giamGia": 2,
    "hinhAnh": "../../../assets/img/img/iphone12.jpeg",
    "soLuong": 1

  },
  {
    "maSP": 5,
    "tenSP": "VinSmart Joy 3",
    "manHinh": "AMOLED, 6.2, Full HD+",
    "heDieuHanh": "Android 9.0 (Pie)",
    "thuongHieu": "VinSmart",
    "cameraTruoc": "12 MP",
    "cameraSau": "Chính 48 MP & Phụ 8 MP, 5 MP",
    "ram": "4 ",
    "rom": "128 GB",
    "giaBan": 12800000,
    "giamGia": 8,
    "hinhAnh": "../../../assets/img/img/vsmart.jpeg",
    "soLuong": 1

  },
  {
    "maSP": 6,
    "tenSP": "Meizu 16T",
    "manHinh": "AMOLED, FHD+ 2232 x 1080 pixels",
    "heDieuHanh": "Android 9.0 (Pie); Flyme",
    "thuongHieu": "Meizu",
    "cameraTruoc": "16 MP",
    "cameraSau": "Chính 48 MP & Phụ 8 MP, 5 MP",
    "ram": "4 ",
    "rom": "64 GB",
    "giaBan": 8900000,
    "giamGia": 3,
    "hinhAnh": "../../../assets/img/img/meizuphone2.jpeg",
    "soLuong": 1

  },
  {
    "maSP": 7,
    "tenSP": "ViVo Reno6 Z",
    "manHinh": "AMOLED, 6.2, Full HD+",
    "heDieuHanh": "Android 9.0 (Pie)",
    "thuongHieu": "ViVo",
    "cameraTruoc": "16 MP",
    "cameraSau": "Chính 48 MP & Phụ 8 MP, 5 MP",
    "ram": "8 ",
    "rom": "256 GB ",
    "giaBan": 25700000,
    "giamGia": 15,
    "hinhAnh": "../../../assets/img/img/vivo.jpeg",
    "soLuong": 1

  },
  {
    "maSP": 8,
    "tenSP": "Iphone XS Max",
    "manHinh": "OLED, 6.5, 1242 x 2688 Pixels",
    "heDieuHanh": "iOS 12",
    "thuongHieu": "Apple",
    "cameraSau": "Chính 12 MP & Phụ 12 MP",
    "cameraTruoc": "18 MP",
    "ram": "4 ",
    "rom": "128 GB",
    "giaBan": 28000000,
    "giamGia": 3,
    "hinhAnh": "../../../assets/img/img/applephone.jpg",
    "soLuong": 1
  
  },
  {
    "maSP": 9,
    "tenSP": "Vsmart Star 3",
    "manHinh": "AMOLED, 6.2, Full HD+",
    "heDieuHanh": "Android 9.0 (Pie)",
    "thuongHieu": "VinSmart",
    "cameraTruoc": "18 MP",
    "cameraSau": "Chính 48 MP & Phụ 8 MP, 5 MP",
    "ram": "8 ",
    "rom": "256 GB",
    "giaBan": 11200000,
    "giamGia": 5,
    "hinhAnh": "../../../assets/img/img/vsmart3.jpeg",
    "soLuong": 1

  },
  {
    "maSP": 10,
    "tenSP": "Meizu Pro 8 Plus ",
    "manHinh": "AMOLED, FHD+ 2232 x 1080 pixels",
    "heDieuHanh": "Android 9.0 (Pie); Flyme",
    "thuongHieu": "Meizu",
    "cameraTruoc": "18 MP",
    "cameraSau": "Chính 48 MP & Phụ 8 MP, 5 MP",
    "ram": "8 ",
    "rom": "128 GB",
    "giaBan": 11600000,
    "giamGia": 5,
    "hinhAnh": "../../../assets/img/img/meizuphone7.png",
    "soLuong": 1

  },
  {
    "maSP": 11,
    "tenSP": "ViVo Y21 Series",
    "manHinh": "AMOLED, 6.2, Full HD+",
    "heDieuHanh": "Android 9.0 (Pie)",
    "thuongHieu": "ViVo",
    "cameraTruoc": "20 MP",
    "cameraSau": "Chính 48 MP & Phụ 8 MP, 5 MP",
    "ram": "8 ",
    "rom": "128 GB ",
    "giaBan": 4290000,
    "giamGia": 16,
    "hinhAnh": "../../../assets/img/img/vivo11.jpeg",
    "soLuong": 1

  },
  {
    "maSP": 12,
    "tenSP": "Iphone 13 Pro ",
    "manHinh": "OLED, 6.5, 1242 x 2688 Pixels",
    "heDieuHanh": "iOS 12",
    "thuongHieu": "Apple",
    "cameraSau": "Chính 12 MP & Phụ 12 MP",
    "cameraTruoc": "20 MP",
    "ram": "4 ",
    "rom": "256 GB",
    "giaBan": 32500000,
    "giamGia": 3,
    "hinhAnh": "../../../assets/img/img/iphone16.jpeg",
    "soLuong": 1

  },
  {
    "maSP": 13,
    "tenSP": "Vsmart Active 3",
    "manHinh": "AMOLED, 6.2, Full HD+",
    "heDieuHanh": "Android 9.0 (Pie)",
    "thuongHieu": "VinSmart",
    "cameraTruoc": "20 MP",
    "cameraSau": "Chính 48 MP & Phụ 8 MP, 5 MP",
    "ram": "8 ",
    "rom": "64 GB",
    "giaBan": 15000000,
    "giamGia": 6,
    "hinhAnh": "../../../assets/img/img/vsmart4.jpeg",
    "soLuong": 1

  },
  {
    "maSP": 14,
    "tenSP": "Meizu 17",
    "manHinh": "AMOLED, FHD+ 2232 x 1080 pixels",
    "heDieuHanh": "Android 9.0 (Pie); Flyme",
    "thuongHieu": "Meizu",
    "cameraTruoc": "20 MP",
    "cameraSau": "Chính 48 MP & Phụ 8 MP, 5 MP",
    "ram": "4 ",
    "rom": "128 GB",
    "giaBan": 16800000,
    "giamGia": 8,
    "hinhAnh": "../../../assets/img/img/meizuphone2.jpeg",
    "soLuong": 1

  },
  {
    "maSP": 15,
    "tenSP": "Vivo Y53s",
    "manHinh": "AMOLED, 6.2, Full HD+",
    "heDieuHanh": "Android 9.0 (Pie)",
    "thuongHieu": "ViVo",
    "cameraTruoc": "20 MP",
    "cameraSau": "Chính 48 MP & Phụ 8 MP, 5 MP",
    "ram": "4 ",
    "rom": "64 GB",
    "giaBan": 29000000,
    "giamGia": 19,
    "hinhAnh": "../../../assets/img/img/vivo12.jpeg",
    "soLuong": 1

  },
  {
    "maSP": 16,
    "tenSP": "Iphone 13 Pro Max ",
    "manHinh": "OLED, 6.5, 1242 x 2688 Pixels",
    "heDieuHanh": "iOS 12",
    "thuongHieu": "Apple",
    "cameraSau": "Chính 12 MP & Phụ 12 MP",
    "cameraTruoc": "16 MP",
    "ram": "4 ",
    "rom": "256 GB ",
    "giaBan": 20500000,
    "giamGia": 4,
    "hinhAnh": "../../../assets/img/img/iphone15.jpeg",
    "soLuong": 1

  },{
    "maSP": 17,
    "tenSP": "VinSmart Live",
    "manHinh": "AMOLED, 6.2, Full HD+",
    "heDieuHanh": "Android 9.0 (Pie)",
    "thuongHieu": "VinSmart",
    "cameraTruoc": "16 MP",
    "cameraSau": "Chính 48 MP & Phụ 8 MP, 5 MP",
    "ram": "4 ",
    "rom": "64 GB",
    "giaBan": 10000000,
    "giamGia": 10,
    "hinhAnh": "../../../assets/img/img/vsphone.jpg",
    "soLuong": 1

  },
  {
    "maSP": 18,
    "tenSP": "Meizu 16Xs",
    "manHinh": "AMOLED, FHD+ 2232 x 1080 pixels",
    "heDieuHanh": "Android 9.0 (Pie); Flyme",
    "thuongHieu": "Meizu",
    "cameraTruoc": "12 MP",
    "cameraSau": "Chính 48 MP & Phụ 8 MP, 5 MP",
    "ram": "8 ",
    "rom": "256 GB",
    "giaBan": 1200000,
    "giamGia": 15,
    "hinhAnh": "../../../assets/img/img/meizuphone.jpg",
    "soLuong": 1

  },
  {
    "maSP": 19,
    "tenSP": "ViVo Y20S",
    "manHinh": "AMOLED, 6.2, Full HD+",
    "heDieuHanh": "Android 9.0 (Pie)",
    "thuongHieu": "ViVo",
    "cameraTruoc": "12 MP",
    "cameraSau": "Chính 48 MP & Phụ 8 MP, 5 MP",
    "ram": "8 ",
    "rom": "128 GB",
    "giaBan": 15700000,
    "giamGia": 12,
    "hinhAnh": "../../../assets/img/img/sp_vivo850.png",
    "soLuong": 1

  },
  {
    "maSP": 20,
    "tenSP": "Iphone 12 Pro ",
    "manHinh": "OLED, 6.5, 1242 x 2688 Pixels",
    "heDieuHanh": "iOS 12",
    "thuongHieu": "Apple",
    "cameraSau": "Chính 12 MP & Phụ 12 MP",
    "cameraTruoc": "18 MP",
    "ram": "8 ",
    "rom": "64 GB",
    "giaBan": 31500000,
    "giamGia": 2,
    "hinhAnh": "../../../assets/img/img/iphone12.jpeg",
    "soLuong": 1

  },
  {
    "maSP": 21,
    "tenSP": "VinSmart Joy 3",
    "manHinh": "AMOLED, 6.2, Full HD+",
    "heDieuHanh": "Android 9.0 (Pie)",
    "thuongHieu": "VinSmart",
    "cameraTruoc": "12 MP",
    "cameraSau": "Chính 48 MP & Phụ 8 MP, 5 MP",
    "ram": "4 ",
    "rom": "128 GB",
    "giaBan": 12000000,
    "giamGia": 8,
    "hinhAnh": "../../../assets/img/img/vsmart.jpeg",
    "soLuong": 1

  },
  {
    "maSP": 22,
    "tenSP": "Meizu 16T",
    "manHinh": "AMOLED, FHD+ 2232 x 1080 pixels",
    "heDieuHanh": "Android 9.0 (Pie); Flyme",
    "thuongHieu": "Meizu",
    "cameraTruoc": "16 MP",
    "cameraSau": "Chính 48 MP & Phụ 8 MP, 5 MP",
    "ram": "8 ",
    "rom": "64 GB",
    "giaBan": 2300000,
    "giamGia": 3,
    "hinhAnh": "../../../assets/img/img/meizuphone2.jpeg",
    "soLuong": 1

  },
  {
    "maSP": 23,
    "tenSP": "ViVo",
    "manHinh": "AMOLED, 6.2, Full HD+",
    "heDieuHanh": "Android 9.0 (Pie)",
    "thuongHieu": "ViVo",
    "cameraTruoc": "16 MP",
    "cameraSau": "Chính 48 MP & Phụ 8 MP, 5 MP",
    "ram": "4 ",
    "rom": "128 GB" ,
    "giaBan": 20700000,
    "giamGia": 15,
    "hinhAnh": "../../../assets/img/img/vivo.jpeg",
    "soLuong": 1

  },
  {
    "maSP": 24,
    "tenSP": "Iphone XS Max",
    "manHinh": "OLED, 6.5, 1242 x 2688 Pixels",
    "heDieuHanh": "iOS 12",
    "thuongHieu": "Apple",
    "cameraSau": "Chính 12 MP & Phụ 12 MP",
    "cameraTruoc": "18 MP",
    "ram": "8 ",
    "rom": "64 GB",
    "giaBan": 25000000,
    "giamGia": 3,
    "hinhAnh": "../../../assets/img/img/applephone.jpg",
    "soLuong": 1

  },
  {
    "maSP": 25,
    "tenSP": "Vsmart Star 3",
    "manHinh": "AMOLED, 6.2, Full HD+",
    "heDieuHanh": "Android 9.0 (Pie)",
    "thuongHieu": "VinSmart",
    "cameraTruoc": "18 MP",
    "cameraSau": "Chính 48 MP & Phụ 8 MP, 5 MP",
    "ram": "8 ",
    "rom": "256 GB",
    "giaBan": 11000000,
    "giamGia": 5,
    "hinhAnh": "../../../assets/img/img/vsmart3.jpeg",
    "soLuong": 1

  },
  {
    "maSP": 26,
    "tenSP": "Meizu Pro 8 Plus ",
    "manHinh": "AMOLED, FHD+ 2232 x 1080 pixels",
    "heDieuHanh": "Android 9.0 (Pie); Flyme",
    "thuongHieu": "Meizu",
    "cameraTruoc": "18 MP",
    "cameraSau": "Chính 48 MP & Phụ 8 MP, 5 MP",
    "ram": "8 ",
    "rom": "128 GB",
    "giaBan": 21500000,
    "giamGia": 5,
    "hinhAnh": "../../../assets/img/img/meizuphone7.png",
    "soLuong": 1

  },
  {
    "maSP": 27,
    "tenSP": "ViVo Y20S",
    "manHinh": "AMOLED, 6.2, Full HD+",
    "heDieuHanh": "Android 9.0 (Pie)",
    "thuongHieu": "ViVo",
    "cameraTruoc": "20 MP",
    "cameraSau": "Chính 48 MP & Phụ 8 MP, 5 MP",
    "ram": "8 ",
    "rom": "128 GB ",
    "giaBan": 21000000,
    "giamGia": 16,
    "hinhAnh": "../../../assets/img/img/vivo11.jpeg",
    "soLuong": 1

  },
  {
    "maSP": 28,
    "tenSP": "Iphone 13 Series ",
    "manHinh": "OLED, 6.5, 1242 x 2688 Pixels",
    "heDieuHanh": "iOS 12",
    "thuongHieu": "Apple",
    "cameraSau": "Chính 12 MP & Phụ 12 MP",
    "cameraTruoc": "12 MP",
    "ram": "4 ",
    "rom": "64 GB",
    "giaBan": 19500000,
    "giamGia": 3,
    "hinhAnh": "../../../assets/img/img/iphone16.jpeg",
    "soLuong": 1

  },
  {
    "maSP": 29,
    "tenSP": "Vsmart Active 3",
    "manHinh": "AMOLED, 6.2, Full HD+",
    "heDieuHanh": "Android 9.0 (Pie)",
    "thuongHieu": "VinSmart",
    "cameraTruoc": "20 MP",
    "cameraSau": "Chính 48 MP & Phụ 8 MP, 5 MP",
    "ram": "8 ",
    "rom": "128 GB",
    "giaBan": 25000000,
    "giamGia": 6,
    "hinhAnh": "../../../assets/img/img/vsmart4.jpeg",
    "soLuong": 1

  },
  {
    "maSP": 30,
    "tenSP": "Meizu 17",
    "manHinh": "AMOLED, FHD+ 2232 x 1080 pixels",
    "heDieuHanh": "Android 9.0 (Pie); Flyme",
    "thuongHieu": "Meizu",
    "cameraTruoc": "20 MP",
    "cameraSau": "Chính 48 MP & Phụ 8 MP, 5 MP",
    "ram": "8 ",
    "rom": "256 GB",
    "giaBan": 21800000,
    "giamGia": 8,
    "hinhAnh": "../../../assets/img/img/meizuphone2.jpeg",
    "soLuong": 1

  },
  {
    "maSP": 31,
    "tenSP": "Vivo Y53s",
    "manHinh": "AMOLED, 6.2, Full HD+",
    "heDieuHanh": "Android 9.0 (Pie)",
    "thuongHieu": "ViVo",
    "cameraTruoc": "20 MP",
    "cameraSau": "Chính 48 MP & Phụ 8 MP, 5 MP",
    "ram": "8 ",
    "rom": "256 GB",
    "giaBan": 32000000,
    "giamGia": 19,
    "hinhAnh": "../../../assets/img/img/vivo12.jpeg",
    "soLuong": 1

  },
  {
    "maSP": 32,
    "tenSP": "Iphone 13 Series ",
    "manHinh": "OLED, 6.5, 1242 x 2688 Pixels",
    "heDieuHanh": "iOS 12",
    "thuongHieu": "Apple",
    "cameraSau": "Chính 12 MP & Phụ 12 MP",
    "cameraTruoc": "18 MP",
    "ram": "20 ",
    "rom": "64 GB" ,
    "giaBan": 35500000,
    "giamGia": 4,
    "hinhAnh": "../../../assets/img/img/iphone15.jpeg",
    "soLuong": 1

  }
]